{
	"credit": "Made with Blockbench",
	"texture_size": [32, 32],
	"textures": {
		"0": "custom:item/forecoin",
		"particle": "custom:item/forecoin"
	},
	"elements": [
		{
			"from": [3, 0, 6],
			"to": [13, 10, 10],
			"faces": {
				"north": {"uv": [0, 0, 5, 5], "texture": "#1"},
				"east": {"uv": [5, 0, 7, 5], "texture": "#1"},
				"south": {"uv": [0, 5, 5, 10], "texture": "#1"},
				"west": {"uv": [5, 5, 7, 10], "texture": "#1"},
				"up": {"uv": [12, 2, 7, 0], "texture": "#1"},
				"down": {"uv": [12, 2, 7, 4], "texture": "#1"}
			}
		}
	]
}