{
	"credit": "Made with Blockbench",
	"textures": {
		"0": "custom:item/gayflag",
		"particle": "custom:item/gayflag"
	},
	"elements": [
		{
			"from": [0, 0, 0],
			"to": [0, 7, 13],
			"faces": {
				"north": {"uv": [0, 0, 0, 7], "texture": "#0"},
				"east": {"uv": [0, 0, 13, 7], "texture": "#missing"},
				"south": {"uv": [0, 0, 0, 7], "texture": "#0"},
				"west": {"uv": [0, 7, 13, 14], "texture": "#0"},
				"up": {"uv": [0, 13, 0, 0], "texture": "#0"},
				"down": {"uv": [0, 0, 0, 13], "texture": "#0"}
			}
		}
	]
}