{
	"credit": "Made with Blockbench",
	"texture_size": [64, 64],
	"textures": {
		"0": "custom:item/allowances/allowance",
		"particle": "custom:item/allowances/allowance"
	},
	"elements": [
		{
			"from": [0, 0, 0],
			"to": [16, 4, 16],
			"faces": {
				"north": {"uv": [4, 5, 8, 6], "texture": "#0"},
				"east": {"uv": [6, 0, 10, 1], "texture": "#0"},
				"south": {"uv": [6, 1, 10, 2], "texture": "#0"},
				"west": {"uv": [6, 2, 10, 3], "texture": "#0"},
				"up": {"uv": [4, 4, 0, 0], "texture": "#0"},
				"down": {"uv": [4, 4, 0, 8], "texture": "#0"}
			}
		},
		{
			"from": [4, 3, 3],
			"to": [12, 5, 13],
			"faces": {
				"north": {"uv": [10, 5.5, 12, 6], "texture": "#0"},
				"east": {"uv": [0, 10, 2.5, 10.5], "texture": "#0"},
				"south": {"uv": [10, 5.5, 12, 6], "texture": "#0"},
				"west": {"uv": [0, 10, 2.5, 10.5], "texture": "#0"},
				"up": {"uv": [16, 8.5, 14, 6], "texture": "#0"},
				"down": {"uv": [16, 6, 14, 8.5], "texture": "#0"}
			}
		}
	],
	"display": {
		"thirdperson_righthand": {
			"rotation": [-31, 0, 0],
			"translation": [0, 4, 0],
			"scale": [0.6, 0.6, 0.6]
		},
		"thirdperson_lefthand": {
			"rotation": [-31, 0, 0],
			"translation": [0, 4, 0],
			"scale": [0.6, 0.6, 0.6]
		},
		"firstperson_righthand": {
			"rotation": [81, 0, 0],
			"translation": [4.25, 3.5, 0],
			"scale": [0.6, 0.6, 0.6]
		},
		"firstperson_lefthand": {
			"rotation": [81, 0, 0],
			"translation": [4.25, 3.5, 0],
			"scale": [0.6, 0.6, 0.6]
		},
		"gui": {
			"rotation": [52, 0, 0],
			"translation": [0, 3.75, 0]
		},
		"head": {
			"rotation": [-82, 0, 0],
			"translation": [0, 0, -6.75]
		},
		"fixed": {
			"rotation": [-90, 0, 0],
			"translation": [0, 0, -4.75]
		}
	}
}